{"stats":{"minecraft:used":{"minecraft:item_frame":5,"minecraft:diamond_block":2,"minecraft:writable_book":1,"minecraft:anvil":1,"minecraft:written_book":1,"minecraft:barrier":2,"minecraft:map":1,"minecraft:chest":1,"minecraft:obsidian":11},"minecraft:dropped":{"minecraft:writable_book":1},"minecraft:custom":{"minecraft:time_since_rest":9765,"minecraft:open_chest":6,"minecraft:crouch_one_cm":884,"minecraft:play_time":18652,"minecraft:deaths":4,"minecraft:damage_taken":960,"minecraft:walk_one_cm":909,"minecraft:sneak_time":378,"minecraft:interact_with_anvil":1,"minecraft:drop":1,"minecraft:jump":2,"minecraft:leave_game":2,"minecraft:time_since_death":9737,"minecraft:total_world_time":18724,"minecraft:fly_one_cm":236}},"DataVersion":4189}